公司名称,招聘职位名称,Salary,地址
无锡华云数据技术服务有限公司,Python开发,15k-25k,上海
北京好巧国际旅行社有限公司,python高级工程师,35k-50k,北京
重庆博尼施科技有限公司,Python研发工程师,6k-8k,重庆
上海趣盛网络科技有限公司,Python,15k-25k,上海
上海宏路数据技术股份有限公司,Python 工程师,8k-16k,上海
北京汉迪世纪科技有限公司,Python高级工程师/架构师,30k-40k,北京
北京云动数字媒体技术有限公司,Python,15k-30k,北京
会找房（北京）网络技术有限公司,Python开发工程师,15k-25k,北京
微景天下（北京）科技有限公司,Python,15k-28k,北京
成都吉胜科技有限责任公司,python开发工程师,8k-16k,成都
北京神州绿盟信息安全科技股份有限公司,Python开发工程师,8k-16k,北京
上海萨图西网络有限公司,Python,10k-20k,上海
超对称（北京）科技有限公司,Python工程师,12k-20k,北京
上海方付通商务服务有限公司,Python/Go开发,15k-30k,上海
广州市考拉先生网络科技有限公司,Python开发工程师,8k-15k,广州
广州爱拍网络科技有限公司,Python服务器开发工程师,8k-15k,广州
上海趣盛网络科技有限公司,Python(达达商城方向),15k-25k,上海
拉扎斯网络科技（上海）有限公司,Python高级开发工程师,15k-30k,上海
深圳响巢看看信息技术有限公司,python开发,12k-24k,深圳
互道信息技术（上海）有限公司,Python开发,15k-25k,上海
北京云英传奇技术有限公司,高级Python开发工程师,20k-40k,北京
北京悦游信息技术有限公司,Python软件研发经理,10k-15k,北京
全邑通(福州)信息科技有限公司,Python,8k-15k,福州
广州带我飞信息科技有限公司,高级python工程师,17k-25k,广州
成都数联铭品科技有限公司,初/中级Python工程师（数据采集）,4k-8k,成都
北京棕榈创想科技有限公司,PHP ／Python 后端研发工程师,10k-15k,北京
北京首都在线科技股份有限公司,Python工程师,10k-20k,北京
北京思维造物信息科技有限公司,Python工程师,15k-25k,北京
北京凯奇谷信息技术股份有限公司,服务器端开发工程师（Python）,10k-16k,北京
北京金山网络科技有限公司,高级Python工程师,20k-30k,北京
金色家园网络科技有限公司,python工程师,15k-25k,北京
北京数美时代科技有限公司,Python,15k-30k,北京
上海众言网络科技有限公司,python,15k-25k,上海
北京灵思远景营销顾问有限公司,Python,15k-30k,北京
杭州铭师堂教育科技发展有限公司,Python,15k-25k,杭州
杭州览众数据科技有限公司,python工程师,8k-15k,杭州
成都好房通科技股份有限公司,Python,3k-5k,成都
成都美洽网络科技有限公司,Python工程师（成都）,12k-24k,成都
北京创锐文化传媒有限公司,Python工程师,8k-10k,成都
珠海市无境科技有限公司,Python,10k-15k,珠海
波塔斯（北京）科技有限公司,Python工程师,15k-30k,北京
北京超萌国际文化有限公司,Python工程师,14k-26k,北京
上海如旺电子商务有限公司,Python开发工程师,12k-22k,上海
友际无限（北京）科技有限公司,C++/GoLang/Python,15k-30k,深圳
西安艾润物联网技术服务有限责任公司,Python,10k-15k,西安
金色家园网络科技有限公司,python工程师,15k-25k,北京
苏州众言网络科技股份有限公司,python开发师,15k-20k,苏州
厦门十全十美网络科技有限公司,Python工程师,10k-20k,厦门
超对称（北京）科技有限公司,Python高级工程师,15k-25k,北京
北京数美时代科技有限公司,Python研发工程师,15k-30k,北京
北京金山网络科技有限公司,Python,15k-30k,北京
北京中铁信科技有限公司,python开发工程师,15k-30k,北京
北京智融时代科技有限公司,高级Python开发工程师,20k-40k,北京
武汉极意网络科技有限公司,Python（极验验证）,9k-18k,武汉
上海蒲甘信息科技有限公司,Python,12k-20k,上海
上海炫体信息科技有限公司,Python（年轻人的狂欢）,12k-20k,上海
智线云科技（北京）有限公司,Python 中级工程师,8k-12k,廊坊
大河网络传媒有限公司,Python,5k-10k,郑州
北京闪银奇异科技有限公司,Python,15k-30k,北京
成都陌陌科技有限公司,Python开发工程师,10k-20k,成都
北京好巧国际旅行社有限公司,python工程师,25k-35k,北京
无锡华云数据技术服务有限公司,Python,15k-30k,上海
北京云途腾科技有限责任公司,python开发工程师,15k-30k,北京
中卫大河云联网络技术有限公司,Java/Python,18k-36k,杭州
河南智游臻龙科技有限公司,Python开发工程师,8k-12k,郑州
重庆博尼施科技有限公司,Python研发工程师,10k-12k,重庆
国美控股集团有限公司,python工程师(000877),20k-30k,北京
深圳市易博天下科技有限公司,Python开发工程师,11k-22k,深圳
成都路行通信息技术有限公司,Python（Django）研发工程师,6k-10k,成都
深圳市对酒当歌电子商务有限公司,Python工程师,10k-20k,深圳
冬竞投资有限公司深圳分公司,Python开发工程师,15k-30k,深圳
杭州筑龙信息技术股份有限公司,python开发工程师,10k-16k,杭州
人人行科技有限公司,Python,10k-20k,北京
上海方付通商务服务有限公司,Python开发,20k-28k,上海
昆明俊云科技有限公司,Python开发工程师,8k-12k,昆明
北京神州绿盟信息安全科技股份有限公司,python开发工程师（ROS）(J10395),8k-10k,西安
贵州格安科技有限公司广州分公司,Python研发工程师,8k-15k,广州
北京陌陌科技有限公司,Python开发工程师(安全方向),18k-28k,北京
浙江第元信息技术有限公司,python开发工程师,4k-8k,宁波
北京华正方圆科技发展有限公司,算法工程师（Python）,20k-30k,北京
北京完美创意科技有限公司,高级Python开发工程师,15k-20k,北京
北京心跳时空科技有限公司,Python后端工程师,15k-30k,北京
北京智融时代科技有限公司,高级Python开发工程师,20k-40k,北京
云量科技（北京）有限责任公司,Python,15k-25k,北京
乐飞天下信息技术(北京)有限公司,Python开发工程师,15k-25k,北京
零氪信息技术（北京）有限公司,Python,15k-25k,北京
上海迈外迪网络科技有限公司,高级Python工程师,12k-22k,上海
多盟睿达科技（中国）有限公司,Python 实习,4k-8k,北京
武汉兄弟桥科技发展有限公司,Python开发工程师,8k-13k,武汉
杭州铕人网络科技有限公司,Python开发工程师,10k-20k,杭州
上海宏路数据技术股份有限公司,Python开发经理,10k-20k,上海
腾讯科技(深圳)有限公司,Python开发工程师,15K-25K,深圳
趣驰（上海）网络科技有限公司,Python 开发工程师,10k-20k,上海
杭州健培科技有限公司,Python软件开发,10k-15k,杭州
万科物业发展有限公司,python高级开发工程师,15k-30k,深圳
文思海辉技术有限公司,Python开发工程师,13k-20k,北京
北京钱方银通科技有限公司,Python开发工程师,15k-25k,北京
北京完美创意科技有限公司,Python开发工程师,13k-25k,北京
深圳市云企网络科技有限公司,python开发工程师,10k-20k,深圳
深圳市浩锐拓科技有限公司,Python工程师,10k-15k,深圳
深圳市出众网络有限公司,Python工程师,12k-24k,深圳
青岛优米信息技术有限公司,Python开发,4k-8k,青岛
深圳达飞金融控股有限公司,Python工程师,10k-15k,深圳
郑州岁月树网络科技有限公司,Python工程师,6k-12k,郑州
上海易路软件有限公司,Python中级开发工程师,15k-17k,上海
北京云途腾科技有限责任公司,python研发运维工程师,10k-15k,北京
北京金虫子科技有限公司,Python,7k-12k,西安
深圳市极限网络科技有限公司,Python,10k-15k,深圳
上海易路软件有限公司,Python开发工程师,6k-9k,成都
上海吾游信息技术有限公司,Python,20k-30k,上海
北京陌陌科技有限公司,Python,20k-35k,北京
深圳市神奇家族智能科技有限公司,Python工程师,15k-25k,深圳
冬竞投资有限公司深圳分公司,Python开发工程师（高级）,30k-50k,深圳
北京搜房网络技术有限公司,python开发工程师,15k-30k,北京
成都网思科平科技有限公司,python工程师,8k-15k,成都
杭州一骑轻尘信息技术有限公司,Python工程师,10k-20k,杭州
杭州云汽配配科技有限公司,Python,12k-24k,杭州
杭州览众数据科技有限公司,高级python工程师,11k-22k,杭州
北京金山网络科技有限公司,Python工程师,20k-30k,北京
北京博晨技术有限公司,Python,15k-25k,北京
上海数禾信息科技有限公司,Python 开发工程师,10k-15k,上海
上海倾听信息技术有限公司,Python开发实习生,3k-5k,上海
浙江亿教亿学网络科技有限公司,Python开发工程师,15k-30k,杭州
北京一手科技有限公司,Python,16k-32k,北京
阿基米德（上海）传媒有限公司,Python软件开发工程师,15k-25k,上海
拉扎斯网络科技（上海）有限公司,高级/资深后端开发工程师【Java/Python】,15k-30k,上海
上海炫体信息科技有限公司,Python,10k-20k,上海
天津领智教仪科技有限公司,python开发工程师,8k-15k,北京
浪潮通用软件有限公司深圳研发中心,Python开发工程师,12k-18k,深圳
上海爱福窝云技术有限公司,Python开发工程师,15k-25k,上海
杭州沃趣科技股份有限公司,Python开发工程师,11K-22K,杭州
深圳中青宝互动网络股份有限公司,python开发工程师,8k-15k,深圳
华为技术有限公司电信与软件,python开发工程师,16k-30k,深圳
成都水熊科技有限公司,python研发工程师,8k-15k,成都
深圳市乐易网络有限公司,Python,15k-30k,深圳
北京闪银奇异科技有限公司,Python,15k-30k,北京
上海世出商贸有限公司,Python开发,15k-25k,上海
上海勃池信息技术有限公司,爬虫工程师java/python,12k-24k,上海
暴风影音,Python,15k-30k,北京
顺丰科技有限公司,运维开发工程师（Python）,18k-35k,深圳
深圳市和讯华谷信息技术有限公司,Python开发工程师,10k-20k,深圳
上海易路软件有限公司,Python高级开发工程师,20k-30k,上海
深圳码隆科技有限公司,高级Python开发工程师,20k-40k,深圳
佳杰科技（上海）有限公司,Python工程师,8k-12k,北京
藏宝途（大连）网络科技有限公司,Python,6k-8k,大连
北京步鼎方舟科技有限公司,Python架构师,30k-35k,北京
上海喔噻互联网科技有限公司,Python工程师,8k-15k,上海
北京趣加科技有限公司,Python高级工程师/全栈工程师/数据导向,15k-30k,北京
众安在线财产保险股份有限公司,python工程师,15k-20k,深圳
成都育碧电脑软件有限公司,软件工程师 （Python）,8k-16k,成都
成都美洽网络科技有限公司,python,18k-30k,北京
深圳盒子支付信息技术有限公司,Python,15k-20k,上海
射雕（北京）科技有限公司,Python开发工程师,15k-25k,北京
维我软件（上海）有限公司,Senior Python Engineer,25k-35k,北京
上海思华科技股份有限公司,Python工程师,12k-24k,上海
深圳前海信美分期科技有限公司,Python开发（湖南）,6k-10k,长沙
北京源石智影科技有限公司,Python,15k-30k,北京
上海航仕企业管理有限公司,Python开发,20k-35k,深圳
北京文脉互动科技有限公司,Python 开发工程师,7k-14k,北京
上海即富信息技术服务有限公司,Python 开发工程师,13k-17k,上海
北京朴元金汇信息技术有限公司,Python,12k-20k,北京
北京汇行科技有限公司,Python开发工程师,8k-15k,北京
广州机智云物联网科技有限公司,Python工程师,8k-15k,广州
深圳市普智正元科技传媒有限公司珠海分公司,Python研发工程师,5k-10k,珠海
杭州数梦工场科技有限公司,Python高级开发工程师,12k-20k,杭州
深圳广田云万家科技有限公司,Python,15k-25k,深圳
上海优刻得信息科技有限公司,UMCloud-校招-Python后端工程师（北京）,10k-20k,北京
北京微迅联创科技有限公司,Python,10k-20k,北京
特维轮网络科技(杭州)有限公司,Python开发工程师,12k-20k,杭州
北京通力互联技术服务有限公司,系统工程师(Python）,7k-14k,杭州
上海医时信息科技有限公司,Python高级工程师,15k-30k,上海
北京国双科技有限公司,高级python开发工程师,15k-25k,北京
北京云集智造科技有限公司,高级Python后端研发工程师,15k-30k,北京
北京越想象国际科贸发展有限公司,资深Python开发工程师,16k-25k,北京
会找房（北京）网络技术有限公司,Python,15K-25K,北京
深圳市一度互联信息科技有限公司,Python工程师,25k-35k,上海
北京图森互联科技有限责任公司,Python工程师--无人车方向,10k-20k,北京
上海睿迹网络科技有限公司,Python,10k-20k,上海
北京爱奇艺科技有限公司,Python研发高级工程师,15k-30k,北京
广州市希塔电子商务有限公司,Python,10k-15k,北京
糖小护健康科技（上海）有限公司,python工程师招聘,12k-18k,上海
厦门国际金融技术有限公司,Python／PHP 语言开发工程师-YL,10k-20k,深圳
上海威昱网络科技有限公司,Python/爬虫工程师,10k-15k,上海
上海触乐信息科技有限公司,资深Python后端开发/架构师,15k-30k,上海
广州德利信息科技有限公司,Python web高级工程师,12k-20k,广州
赛芒（北京）信息技术有限公司,Python,10k-20k,北京
深圳晶泰科技有限公司,高级python工程师,15k-30k,北京
上海晏鼠计算机技术有限公司,Python,10k-15k,上海
北京无限点乐科技有限公司,高级Python工程师,23k-40k,北京
深圳草根网络信息有限公司,Python 开发工程师,15k-20k,深圳
北京云江科技有限公司,Python研发工程师,20k-40k,北京
上海优刻得信息科技有限公司,UMCloud-校招-Python后端工程师,10k-20k,上海
上海阿牛信息科技有限公司,高级Python开发工程师,15k-25k,上海
广州带我飞信息科技有限公司,Python 工程师,8k-15k,广州
纽熙（上海）网络科技有限公司,Python开发工程师,10k-20k,上海
北京云途腾科技有限责任公司,高级python研发工程师,20k-40k,北京
上海易路软件有限公司,Python高级开发工程师,15k-25k,上海
北京优趣天下信息技术有限公司,Python 开发实习生,2k-3k,南宁
杭州安恒信息技术有限公司,python,10k-20k,杭州
北京悦游信息技术有限公司,Python研发工程师,8k-15k,北京
北京新氧盒子科技有限公司,python研发工程师,30k-40k,北京
北京悦购伟业电子商务有限公司,Python,20k-30k,北京
厦门数析信息科技有限公司,Python 开发工程师,5k-10k,厦门
北京众标网络科技有限公司上海分公司,python开发工程师,18k-25k,上海
小叶子（北京）科技有限公司,Python实习生,4k-6k,北京
深圳市乐易网络有限公司,Python,10k-15k,深圳
上海炫体信息科技有限公司,Python（年轻人的狂欢）,12k-20k,上海
深圳深信金融控股有限公司,python 程序员,10k-20k,深圳
深圳前海融数通科技有限公司,Python开发,8k-15k,深圳
上海晟品网络科技有限公司,Python,18k-36k,上海
金色家园网络科技有限公司,python工程师,15k-25k,北京
北京灵思远景营销顾问有限公司,Python,3k-5k,北京
中精普康（北京）医药科技有限公司,Python,15k-25k,北京
智线云科技（北京）有限公司,Python 中级工程师,5k-10k,武汉
南京川陀大匠信息技术有限公司,Python web,5k-9k,南京
广州酷旅旅行社有限公司,Python开发工程师,9k-17k,广州
深圳众禄金融控股股份有限公司,Python开发工程师,15k-25k,深圳
北京我最在行信息技术有限公司,高级Python工程师,20k-35k,北京
北京正和远景科技有限公司,Python软件工程师,12k-18k,北京
深圳市创想天空科技股份有限公司,python开发,8k-15k,深圳
北京闪银奇异科技有限公司,python开发,10k-20k,北京
飞榴（上海）信息科技有限公司,Python开发工程师,10k-20k,上海
中电海康集团有限公司,python/C 开发工程师,10k-15k,杭州
车好多旧机动车经纪(北京)有限公司,后端研发工程师语言不限 JAVA/PHP/python均可,50k-80k,北京
芜湖一休哥信息技术有限公司,Python工程师,8k-15k,杭州
北京云途腾科技有限责任公司,中级python研发工程师,15k-30k,北京
西艾（广州）软件开发有限公司,Python开发工程师,15k-25k,深圳
上海新炬网络技术有限公司,python工程师,10k-15k,广州
上海易路软件有限公司,Python中级开发工程师,10k-15k,上海
珠海轼域网络科技有限公司,Python开发工程师,8k-15k,珠海
深圳传音控股有限公司,Python开发工程师,12k-20k,深圳
金色家园网络科技有限公司,高级python工程师,18k-30k,北京
拉扎斯网络科技（上海）有限公司,Python开发工程师,13k-26k,上海
会找房（北京）网络技术有限公司,高级python开发工程师,20k-30k,北京
浙江畅唐网络股份有限公司,Python开发工程师,10k-18k,杭州
北京鲜柚科技有限公司,高级Python工程师,15k-25k,北京
北京云英传奇技术有限公司,python/django开发工程师,20k-40k,北京
深圳市乐易网络有限公司,Python,7k-10k,深圳
江苏东大集成电路系统工程技术有限公司,python开发/大数据工程师,7k-14k,南京
北京金山网络科技有限公司,Python开发工程师,15k-30k,北京
北京天融信网络安全,Python,15k-25k,北京
重庆誉存大数据科技有限公司,Python工程师,6k-10k,重庆
上海荣恋进出口贸易有限公司,Python开发工程师,20k-35k,上海
车好多旧机动车经纪(北京)有限公司,Python,20k-30k,北京
友际无限（北京）科技有限公司,Python,15k-30k,深圳
金色家园网络科技有限公司,Python工程师,14k-22k,北京
上海融之家金融信息服务有限公司,Python,25K-30K,上海
北京车势科技有限公司,python开发工程师,18k-25k,北京
北京云途腾科技有限责任公司,资深Python开发,20k-35k,北京
南京市魔格信息科技有限公司,Python,8k-15k,南京
上海方付通商务服务有限公司,Python,10k-20k,上海
XMind Ltd,Python工程师,15k-30k,深圳
杭州云徙科技有限公司,Python工程师,10k-20k,杭州
小叶子（北京）科技有限公司,Python,20k-30k,北京
智线云科技（北京）有限公司,高级Java/PHP/Python工程师,12k-24k,北京
北京思特奇信息技术股份有限公司,Python工程师,10k-15k,北京
上海点荣金融信息服务有限责任公司,后端Python工程师 - CD3413,6k-12k,成都
上海沙塔信息科技有限公司,Python java,10k-15k,上海
深圳市前海富甲金融信息有限公司,Python,10k-20k,深圳
上海数禾信息科技有限公司,Python 高级开发工程师,15k-25k,上海
上海数旦信息技术有限公司,Python开发实习,4k-5k,上海
快乐迭代（北京）网络科技有限公司,资深Python工程师,15k-30k,北京
上海融之家金融信息服务有限公司,Python架构师,25K-50K,上海
北京优康达科技有限公司,Python,10k-18k,北京
北京步鼎方舟科技有限公司,Python高级开发工程师,20k-30k,北京
上海斗象信息科技有限公司,Python后端研发工程师,13k-25k,上海
北京数云普惠科技有限公司,Python高级工程师,15k-25k,北京
众安在线财产保险股份有限公司,Python工程师,15k-25k,深圳
云极星创（北京）科技有限公司,Python开发工程师,15k-25k,北京
圆通速递有限公司,Python开发工程师,10k-20k,上海
迅捷联动（北京）科技有限公司,python开发工程师,8k-16k,北京
北京慕华信息科技有限公司,Python工程师,15k-25k,北京
上海爱福窝云技术有限公司,Python开发,15k-20k,上海
杭州牛盾网络技术有限公司,python,10k-20k,杭州
上海骞云信息科技有限公司,Python开发,15K-30K,上海
同方知网（北京）技术有限公司,python高级工程师/架构师,15k-30k,北京
杭州数梦工场科技有限公司,Python高级开发工程师,12k-20k,杭州
北京智慧能源网络科技有限公司,Python,10k-20k,北京
北京娜迦信息科技发展有限公司,Python开发工程师,5k-10k,北京
乾康（上海）金融信息服务有限公司,python 程序员,5k-8k,西安
北京简单科技有限公司,Python开发,10k以上,北京
维我软件（上海）有限公司,高级工程师-Python,25k-35k,北京
北京谱思科技有限公司,Python工程师,15k-20k,北京
北京陌陌科技有限公司,Python开发工程师,15k-30k,北京
国广东方网络（北京）有限公司,python开发工程师,10k-18k,北京
北京好巧国际旅行社有限公司,python,25k-35k,北京
深圳市小闪快送网络科技有限公司,Python,15k-25k,深圳
成都四方伟业软件股份有限公司,Python工程师,10k-17k,成都
无锡华云数据技术服务有限公司,Python开发工程师,15k-25k,上海
线纵合壹（北京）科技有限公司,Python开发工程师,15k-30k,北京
上海进馨网络科技有限公司,Python开发工程师,15k-25k,上海
微额速达(上海)金融信息服务有限公司,Python,10k-20k,上海
北京云途腾科技有限责任公司,Python开发,18k-25k,北京
长沙辰运软件有限公司,Python工程师,10k-15k,长沙
苏州咖啦魔哆信息技术有限公司,Python,5k-10k,苏州
北京汉迪世纪科技有限公司,Python开发工程师,15k-30k,北京
深圳市谷米科技有限公司,Python,10k-20k,深圳
深圳市对酒当歌电子商务有限公司,Python开发工程师,10k-20k,深圳
深圳市大疆创新科技有限公司,Python开发工程师,15k-25k,深圳
智线云科技（北京）有限公司,Java/Python/Php 中级工程师,8k-15k,廊坊
深圳合纵能源技术有限公司,Python开发工程师,8k-16k,深圳
北京谱思科技有限公司,Python实习生,5k-8k,北京
多彩饰家（北京）品牌管理有限公司,Python,20k-35k,北京
上海驻云信息科技有限公司,Python开发工程师（实习）,3k-6k,上海
北京畅聊天下科技有限公司,Python,15k-25k,北京
浙江吉利控股集团有限公司,python运维,10k-20k,杭州
上海触乐信息科技有限公司,Python后端实习生,4k-5k,上海
蓝盾信息安全技术股份有限公司,Python开发工程师,8k-12k,广州
北京闪银奇异科技有限公司,python高级/架构师,25k-35k,北京
北京米可世界科技有限公司,python工程师（产品增长方向）,15k-30k,北京
北京网思科平科技有限公司,python工程师,9k-15k,成都
搜狐媒体,Python开发工程师,15k-30k,北京
北京智者天下科技有限公司,Python 开发工程师,15k-30k,北京
上海壤歌市场营销策划有限公司,Python,12k-24k,上海
深圳点猫科技有限公司,Python,15k-20k,深圳
杭州慧川智能科技有限公司,Python后端开发,15k-30k,杭州
上海智竟网络科技有限公司,Python工程师,12k-20k,上海
武汉乐谷在线科技有限公司,Python,8k-16k,武汉
广东科达洁能股份有限公司,软件工程师（python方向）,8k-12k,深圳
北京谱思科技有限公司,Python高级（资深）工程师,20k-35k,北京
北京优康达科技有限公司,Python开发工程师,8k-15k,武汉
北京国双科技有限公司,高级python开发工程师,10k-20k,北京
上海沙塔信息科技有限公司,Python 开发工程师,10k-20k,上海
上海壤歌市场营销策划有限公司,资深Python工程师,18k-28k,上海
北京通力互联技术服务有限公司,Python,7k-14k,杭州
北京佳格天地科技有限公司,python工程师,10k-20k,北京
上海幻电信息科技有限公司,PHP/Python研发工程师,15k-20k,上海
星河互联集团有限公司,python工程师--星河易股,10k-20k,北京
京东金融,Python开发工程师,15k-25k,杭州
杭州吉利易云科技有限公司,python高级开发工程师,10k-20k,杭州
SideChef (Holdings) Limited,Python开发工程师,10k-20k,上海
北京神州绿盟信息安全科技股份有限公司,Python/JAVA研发工程师,8k-15k,武汉
北京完美创意科技有限公司,Python后端开发工程师,10k-20k,北京
北京智海创讯信息技术有限公司,Python,12k-24k,北京
大连世轩科技有限公司,Python工程师,7k-14k,大连
糖小护健康科技（上海）有限公司,Python高级工程师（苏州）,10k-15k,苏州
智互联（深圳）科技有限公司,python（后台）开发工程师-深圳,13k-25k,深圳
广州爱范儿科技股份有限公司,Python Web 工程师（玩物志）,7k-12k,广州
北京点石经纬科技有限公司,Python,15k-25k,北京
北京创新伙伴教育科技有限公司,Python开发工程师,15k-30k,北京
上海敬庸信息科技有限公司,Python工程师,20k-30k,天津
迅捷联动（北京）科技有限公司,高级Python工程师,15k-30k,北京
慧泽商通（北京）科技有限公司,Python研发工程师,10k-15k,北京
蜜柚网络科技（上海）有限公司,开发工程师（Python/golang/shell,20k-35k,上海
北京云英传奇技术有限公司,python高级工程师,15k-30k,北京
北京云英传奇技术有限公司,资深Python开发工程师,25k-45k,北京
北京六趣网络科技有限公司,Python运维开发工程师,10k-20k,北京
维我软件（上海）有限公司,Senior Python Engineer,25k-35k,北京
深圳市葡萄信息技术有限公司,Python高级开发工程师,10k-15k,深圳
北京神州绿盟信息安全科技股份有限公司,python开发实习生（西安）,2k-3k,西安
脉讯在线（北京）信息技术有限公司,Python开发工程师,15k-25k,北京
荐才（北京）投资管理有限公司,Python,20k-28k,北京
北京云江科技有限公司,Python研发工程师,20k-40k,北京
苏州思必驰信息科技有限公司,Python开发工程师（2017年校招）,15k-25k,苏州
微瞰智能科技（上海）有限公司,Python,10K-20K,上海
永杨安风（北京）科技有限公司,Python研发工程师,15k-30k,北京
北京易好图科技有限公司,Python开发工程师,12k-20k,北京
拉扎斯网络科技（上海）有限公司,资深／高级Python工程师,16k-32k,北京
深圳市正易龙科技有限公司,Python,10k-20k,深圳
搜狐媒体,Python,15k-25k,北京
北京通力互联技术服务有限公司,python开发工程师,10k-18k,杭州
北京卡富通盈科技有限公司,python工程师,10k-15k,北京
北京云英传奇技术有限公司,高级Python开发工程师（Django方向）,20k-40k,北京
徐州友趣网络科技有限公司,Python开发工程师,4k-8k,徐州
成都墨之坊科技有限公司,python（pyQt）工程师,6k-9k,成都
北京小米科技有限责任公司,Python开发工程师（锁屏画报）,15k-30k,北京
北京云集智造科技有限公司,高级python服务端开发工程师,15k-30k,北京
苏州思必驰信息科技有限公司,Python后台开发工程师,8k-15k,苏州
拉扎斯网络科技（上海）有限公司,Python开发工程师（用户交易研发）,18k-36k,上海
云极星创（北京）科技有限公司,Python,10k-20k,北京
南京清晓信息科技有限公司,Python工程师,7k-14k,南京
福州东西电子商务有限公司,Python,8k-15k,福州
上海斗象信息科技有限公司,高级Python后端研发工程师,15k-30k,上海
联车（上海）信息科技有限公司,python运维开发,11k-20k,上海
北京微影时代科技有限公司,python运维开发工程师,10k-20k,北京
北京云途腾科技有限责任公司,Python研发工程师,10k-20k,北京
北京悠扬互动科技有限公司,python开发工程师,15k-25k,北京
武汉泰迪智慧科技有限公司,Python工程师（中高级）,10k-20k,武汉
齐数科技（上海）有限公司,python工程师,10k-15k,上海
南京擎盾信息科技有限公司,Python,9k-14k,南京
上海爱福窝云技术有限公司,Python开发工程师,15k-25k,上海
北京国双科技有限公司,Python开发,15k-30k,北京
杭州同盾科技有限公司,Python开发工程师,15k-20k,杭州
中至科技集团有限公司,Python工程师,4k-8k,南昌
深圳中科乐创互联网有限公司,Python实习生,3k-4k,深圳
北京汇行科技有限公司,Python开发实习生,3k-6k,北京
北京优康达科技有限公司,Python开发工程师,10k-18k,北京
上海品米信息科技有限公司,Python开发工程师,5k-10k,上海
蓝盾信息安全技术股份有限公司,Python开发工程师,8k-15k,广州
深圳锐蓝创想科技有限公司,Python开发工程师,10k-20k,深圳
广州极推信息科技有限公司,python工程师,8k-12k,广州
北京七加二科技股份有限公司,Python,15k-20k,北京
北京金山网络科技有限公司,python研发工程师（直播）,20k-30k,北京
深圳市博雅成信金融服务有限公司,Python,8k-15k,成都
浙江亿教亿学网络科技有限公司,Python工程师,15k-30k,杭州
北京点石经纬科技有限公司,Python高级软件工程师,15k-30k,北京
无锡华路时代信息技术有限公司,Python开发工程师,7k-10k,南京
三七互娱（上海）科技有限公司,Python服务端程序,9k-16k,广州
悦康动力（北京）科技有限公司,Python开发工程师,15k-30k,北京
多盟睿达科技（中国）有限公司,Python,13k-25k,北京
北京凌云雀科技有限公司,Python,13k-25k,北京
常州一川大数据信息安全科技有限公司,python工程师,6k-10k,常州
拉扎斯网络科技（上海）有限公司,高级Python工程师,15k-25k,上海
卡车司机（北京）科技有限公司,Python开发工程师,10k-20k,北京
苏州工业园区海天阳光教育培训中心,Python,4k-8k,苏州
引力互动科技（武汉）有限公司,golang/python开发工程师,6k-12k,武汉
北京慕华信息科技有限公司,Python开发工程师,10k-15k,北京
河南智游臻龙科技有限公司,Python开发工程师（初级）,8k-12k,郑州
深圳市阿西莫夫科技有限公司,Python/ C++开发－服务机器人应用程序,15k-25k,深圳
奇虎360科技有限公司,Python,10k-20k,上海
上海萨图西网络有限公司,Python/Node.js工程师,15k-25k,上海
有康爱帮健康科技（北京）有限公司,Python,10k-20k,北京
微诺时代（北京）科技股份有限公司,Python研发工程师,15k-20k,北京
成都知道创宇信息技术有限公司,Python工程师（事业部）,9k-18k,成都
武汉泰迪智慧科技有限公司,python软件工程师,8k-16k,武汉
北京榆钱投资管理有限公司,Python,10k-20k,武汉
美景听听（北京）科技有限公司,Python工程师,15k-25k,北京
北京云途腾科技有限责任公司,python开发工程师,12k-24k,北京
金色家园网络科技有限公司,中级python工程师,14k-20k,北京
北京超萌国际文化有限公司,高级Python工程,18k-25k,北京
上海优刻得信息科技有限公司,C++/Php/Python/Nodejs开发工程师,12k-24k,上海
北京天融信网络安全,Python,10k-20k,北京
北京三鼎网络科技有限公司,Python研发工程师,15k-25k,北京
江苏福华中金互联网金融信息服务有限公司,python开发工程师,10k-18k,上海
上海驻云信息科技有限公司,Python开发工程师,12k-18k,上海
上海华腾软件系统有限公司,Python开发工程师,12k-20k,上海
北京国双科技有限公司,python开发工程师,10k-20k,北京
厦门多快好省网络科技有限公司,Python工程师,8k-16k,厦门
宁波新希望信息技术有限公司,Python,6k-12k,宁波
金色家园网络科技有限公司,Python工程师,15k-30k,北京
北京世联互动网络有限公司成都分公司,Python,7k-14k,成都
上海壤歌市场营销策划有限公司,python工程师,10k-15k,上海
杭州轻触科技有限公司,Python开发工程师,10k-15k,杭州
人人行科技有限公司,Python,15k-30k,北京
广州快哉电子商务有限公司,Python,10k-15k,广州
上海齐家网信息科技股份有限公司,高级Python开发工程师,15k-30k,上海
上海南方银谷科技有限公司,python高级开发工程师,15k-25k,深圳
网之易信息技术（北京）有限公司,高级python开发工程师,20k-30k,北京
深圳市新华云帆科技有限公司,python后台开发工程师（快拍）,15k-20k,深圳
北京艾唯博瑞科技有限公司,python研发工程师,8k-12k,北京
杭州云汽配配科技有限公司,Python实习生,3k-4k,杭州
北京新工场投资顾问有限公司,高级python开发工程师,15k-30k,北京
北京搜库科技有限公司,Python开发工程师,2K-4K,北京
北京通力互联技术服务有限公司,Python,5k-10k,成都
广州回头车信息科技有限公司,Python工程师,12k-16k,广州
中科易研（北京）科技股份公司,Python 开发工程师,10k-15k,北京
北京简单科技有限公司,Python方向运维开发工程师,8k-15k,北京
上海景栗信息科技有限公司,Python工程师,10k-20k,上海
荐才（北京）投资管理有限公司,Python（紧急需要）,15k-30k,北京
联车（上海）信息科技有限公司,python web开发,11k-20k,上海
